Player , 7 , 2020.05.20 19:35:06
Ilya , 8 , 2020.05.20 19:36:04
Ilya , 7 , 2020.05.20 19:36:13
Ilya , 9 , 2020.05.20 19:36:21
Player , 11 , 2020.05.20 21:04:19
Player , 9 , 2020.05.20 21:26:30
Player , 28 , 2020.05.20 21:32:23
Player , 41 , 2020.05.20 21:40:57
Player , 11 , 2020.05.20 21:45:31
Player , 55 , 2020.05.20 21:56:55
Player , 76 , 2020.05.20 22:09:18
Ilya , 129 , 2020.05.20 22:43:27
Player , 58 , 2020.05.20 23:04:26
Player , 172 , 2020.05.20 23:14:57
Player , 225 , 2020.05.20 23:56:41
Player , 55 , 2020.05.21 00:03:27
Player , 77 , 2020.05.21 00:06:40
Player , 51 , 2020.05.21 00:09:44
Player , 30 , 2020.05.21 00:11:00
Player , 57 , 2020.05.21 00:15:45
Player , 208 , 2020.05.21 18:37:22
Ilya , 78 , 2020.05.21 19:17:07
Player , 158 , 2020.05.21 20:06:53
Hello , 45 , 2020.05.21 20:13:12
ilya , 54 , 2020.05.27 23:06:44
ilya , 63 , 2020.05.27 23:09:41
ilya , 285 , 2020.05.27 23:23:46
Player , 353 , 2020.06.16 22:33:55
